<?xml version = "1.0" encoding = "UTF-8" standalone = "yes"?>
<LICENSES>
<LICENSE>
<INFO>
<USER_LICENSE_NO>-</USER_LICENSE_NO>
<USER_ID>-</USER_ID>
<USER_ORGANIZATION>Provided by Change Vision, Inc.</USER_ORGANIZATION>
<USER_NAME>Students</USER_NAME>
<USER_KIND>astah_professional</USER_KIND>
<USER_VERSION>7.2</USER_VERSION>
<USER_TYPE>Product</USER_TYPE>
<USER_RUN_FROM>2017/07/18</USER_RUN_FROM>
<USER_RUN_TO>2018/08/31</USER_RUN_TO>
<USER_SUPPORT_FROM>2017/07/18</USER_SUPPORT_FROM>
<USER_SUPPORT_TO>2018/08/31</USER_SUPPORT_TO>
<USER_CONSTRAINT>SingleUser</USER_CONSTRAINT>
<USER_CONSTRAINT2>students</USER_CONSTRAINT2>
<USER_CONSTRAINT3>-</USER_CONSTRAINT3>
<MACHINE_IDENTIFICATION_INFOMATIONS></MACHINE_IDENTIFICATION_INFOMATIONS>
<USER_ATTENTION>-</USER_ATTENTION>
</INFO>
<USER_SIGNATURE>MCwCFDTE/qfUfBzEmv9dmJsFKbGqQqmCAhRzHr4Tm/eK+nLlqE0tpTamLD2dYA==</USER_SIGNATURE>
</LICENSE>
</LICENSES>

